Company Name,Template Number,Probate/Estate,Financial,Absentee,55+ ( Senior ),Owner Occupied
Atlas Property investors,1,,,,,
Atlas Property investors,2,,,,,
Atlas Property investors,3,https://i.ibb.co/dQfpqTc/Probate-White-Amiable.jpg,https://i.ibb.co/8zRgRs0/Financial-White-Amiable.jpg,https://i.ibb.co/C02DcSJ/Absentee-White-Amiable.jpg,https://i.ibb.co/v18S9VB/Senior-White-Amiable.jpg,https://i.ibb.co/pQYFHqP/Owner-Occupied-White-Amiable.jpg
Atlas Property investors,4,https://i.ibb.co/JvYjYxT/Probate-White-Expressive.jpg,https://i.ibb.co/r6JRH16/Financial-White-Expressive.jpg,https://i.ibb.co/mXDk72v/Absentee-White-Expressive.jpg,https://i.ibb.co/DPd1d1h/Senior-White-Expressive.jpg,https://i.ibb.co/sskxs5B/Owner-Occupied-White-Expressive.jpg
BBPOCO,1,,,,,
BBPOCO,2,,,,,
BBPOCO,3,https://i.ibb.co/dQfpqTc/Probate-White-Amiable.jpg,https://i.ibb.co/8zRgRs0/Financial-White-Amiable.jpg,https://i.ibb.co/C02DcSJ/Absentee-White-Amiable.jpg,https://i.ibb.co/v18S9VB/Senior-White-Amiable.jpg,https://i.ibb.co/pQYFHqP/Owner-Occupied-White-Amiable.jpg
BBPOCO,4,https://i.ibb.co/JvYjYxT/Probate-White-Expressive.jpg,https://i.ibb.co/r6JRH16/Financial-White-Expressive.jpg,https://i.ibb.co/mXDk72v/Absentee-White-Expressive.jpg,https://i.ibb.co/DPd1d1h/Senior-White-Expressive.jpg,https://i.ibb.co/sskxs5B/Owner-Occupied-White-Expressive.jpg
BBPOFL,1,,,,,
BBPOFL,2,,,,,
BBPOFL,3,https://i.ibb.co/dQfpqTc/Probate-White-Amiable.jpg,https://i.ibb.co/8zRgRs0/Financial-White-Amiable.jpg,https://i.ibb.co/C02DcSJ/Absentee-White-Amiable.jpg,https://i.ibb.co/v18S9VB/Senior-White-Amiable.jpg,https://i.ibb.co/pQYFHqP/Owner-Occupied-White-Amiable.jpg
BBPOFL,4,https://i.ibb.co/JvYjYxT/Probate-White-Expressive.jpg,https://i.ibb.co/r6JRH16/Financial-White-Expressive.jpg,https://i.ibb.co/mXDk72v/Absentee-White-Expressive.jpg,https://i.ibb.co/DPd1d1h/Senior-White-Expressive.jpg,https://i.ibb.co/sskxs5B/Owner-Occupied-White-Expressive.jpg
Cava Companies,1,,,,,
Cava Companies,2,,,,,
Cava Companies,3,https://i.ibb.co/4S6JwvV/Probate-Black-Amiable.jpg,https://i.ibb.co/hcXkPj2/Financial-Black-Amiable.jpg,https://i.ibb.co/B6RxMrD/Absentee-Black-Amiable.jpg,https://i.ibb.co/VBcCzHg/Senior-Black-Amiable.jpg,https://i.ibb.co/5xcGpTw/Owner-Occupied-Black-Amiable.jpg
Cava Companies,4,https://i.ibb.co/J5D8RNh/Probate-Black-Expressive.jpg,https://i.ibb.co/XWc849M/Financial-Black-Expressive.jpg,https://i.ibb.co/wSbN8by/Absentee-Black-Expressive.jpg,https://i.ibb.co/wQD317w/Senior-Black-Expressive.jpg,https://i.ibb.co/mcscykM/Owner-Occupied-Black-Expressive.jpg
MaxReturns,1,,,,,
MaxReturns,2,,,,,
MaxReturns,3,https://i.ibb.co/dQfpqTc/Probate-White-Amiable.jpg,https://i.ibb.co/8zRgRs0/Financial-White-Amiable.jpg,https://i.ibb.co/C02DcSJ/Absentee-White-Amiable.jpg,https://i.ibb.co/v18S9VB/Senior-White-Amiable.jpg,https://i.ibb.co/pQYFHqP/Owner-Occupied-White-Amiable.jpg
MaxReturns,4,https://i.ibb.co/JvYjYxT/Probate-White-Expressive.jpg,https://i.ibb.co/r6JRH16/Financial-White-Expressive.jpg,https://i.ibb.co/mXDk72v/Absentee-White-Expressive.jpg,https://i.ibb.co/DPd1d1h/Senior-White-Expressive.jpg,https://i.ibb.co/sskxs5B/Owner-Occupied-White-Expressive.jpg
Obi Buys,1,,,,,
Obi Buys,2,,,,,
Obi Buys,3,https://i.ibb.co/dQfpqTc/Probate-White-Amiable.jpg,https://i.ibb.co/8zRgRs0/Financial-White-Amiable.jpg,https://i.ibb.co/C02DcSJ/Absentee-White-Amiable.jpg,https://i.ibb.co/v18S9VB/Senior-White-Amiable.jpg,https://i.ibb.co/pQYFHqP/Owner-Occupied-White-Amiable.jpg
Obi Buys,4,https://i.ibb.co/JvYjYxT/Probate-White-Expressive.jpg,https://i.ibb.co/r6JRH16/Financial-White-Expressive.jpg,https://i.ibb.co/mXDk72v/Absentee-White-Expressive.jpg,https://i.ibb.co/DPd1d1h/Senior-White-Expressive.jpg,https://i.ibb.co/sskxs5B/Owner-Occupied-White-Expressive.jpg
LVN Real Estate,1,,,,,
LVN Real Estate,2,,,,,
LVN Real Estate,3,https://i.ibb.co/dQfpqTc/Probate-White-Amiable.jpg,https://i.ibb.co/8zRgRs0/Financial-White-Amiable.jpg,https://i.ibb.co/C02DcSJ/Absentee-White-Amiable.jpg,https://i.ibb.co/v18S9VB/Senior-White-Amiable.jpg,https://i.ibb.co/pQYFHqP/Owner-Occupied-White-Amiable.jpg
LVN Real Estate,4,https://i.ibb.co/JvYjYxT/Probate-White-Expressive.jpg,https://i.ibb.co/r6JRH16/Financial-White-Expressive.jpg,https://i.ibb.co/mXDk72v/Absentee-White-Expressive.jpg,https://i.ibb.co/DPd1d1h/Senior-White-Expressive.jpg,https://i.ibb.co/sskxs5B/Owner-Occupied-White-Expressive.jpg
Sell Now Wisconsin,1,,,,,
Sell Now Wisconsin,2,,,,,
Sell Now Wisconsin,3,https://i.ibb.co/dQfpqTc/Probate-White-Amiable.jpg,https://i.ibb.co/8zRgRs0/Financial-White-Amiable.jpg,https://i.ibb.co/C02DcSJ/Absentee-White-Amiable.jpg,https://i.ibb.co/v18S9VB/Senior-White-Amiable.jpg,https://i.ibb.co/pQYFHqP/Owner-Occupied-White-Amiable.jpg
Sell Now Wisconsin,4,https://i.ibb.co/JvYjYxT/Probate-White-Expressive.jpg,https://i.ibb.co/r6JRH16/Financial-White-Expressive.jpg,https://i.ibb.co/mXDk72v/Absentee-White-Expressive.jpg,https://i.ibb.co/DPd1d1h/Senior-White-Expressive.jpg,https://i.ibb.co/sskxs5B/Owner-Occupied-White-Expressive.jpg
TN HomeBuyers,1,,,,,
TN HomeBuyers,2,,,,,
TN HomeBuyers,3,https://i.ibb.co/dQfpqTc/Probate-White-Amiable.jpg,https://i.ibb.co/8zRgRs0/Financial-White-Amiable.jpg,https://i.ibb.co/C02DcSJ/Absentee-White-Amiable.jpg,https://i.ibb.co/v18S9VB/Senior-White-Amiable.jpg,https://i.ibb.co/pQYFHqP/Owner-Occupied-White-Amiable.jpg
TN HomeBuyers,4,https://i.ibb.co/JvYjYxT/Probate-White-Expressive.jpg,https://i.ibb.co/r6JRH16/Financial-White-Expressive.jpg,https://i.ibb.co/mXDk72v/Absentee-White-Expressive.jpg,https://i.ibb.co/DPd1d1h/Senior-White-Expressive.jpg,https://i.ibb.co/sskxs5B/Owner-Occupied-White-Expressive.jpg
Phil Buys Houses Fast,1,,,,,
Phil Buys Houses Fast,2,,,,,
Phil Buys Houses Fast,3,https://i.ibb.co/dQfpqTc/Probate-White-Amiable.jpg,https://i.ibb.co/8zRgRs0/Financial-White-Amiable.jpg,https://i.ibb.co/C02DcSJ/Absentee-White-Amiable.jpg,https://i.ibb.co/v18S9VB/Senior-White-Amiable.jpg,https://i.ibb.co/pQYFHqP/Owner-Occupied-White-Amiable.jpg
Phil Buys Houses Fast,4,https://i.ibb.co/JvYjYxT/Probate-White-Expressive.jpg,https://i.ibb.co/r6JRH16/Financial-White-Expressive.jpg,https://i.ibb.co/mXDk72v/Absentee-White-Expressive.jpg,https://i.ibb.co/DPd1d1h/Senior-White-Expressive.jpg,https://i.ibb.co/sskxs5B/Owner-Occupied-White-Expressive.jpg
Property Spot,1,,,,,
Property Spot,2,,,,,
Property Spot,3,https://i.ibb.co/dQfpqTc/Probate-White-Amiable.jpg,https://i.ibb.co/8zRgRs0/Financial-White-Amiable.jpg,https://i.ibb.co/C02DcSJ/Absentee-White-Amiable.jpg,https://i.ibb.co/v18S9VB/Senior-White-Amiable.jpg,https://i.ibb.co/pQYFHqP/Owner-Occupied-White-Amiable.jpg
Property Spot,4,https://i.ibb.co/JvYjYxT/Probate-White-Expressive.jpg,https://i.ibb.co/r6JRH16/Financial-White-Expressive.jpg,https://i.ibb.co/mXDk72v/Absentee-White-Expressive.jpg,https://i.ibb.co/DPd1d1h/Senior-White-Expressive.jpg,https://i.ibb.co/sskxs5B/Owner-Occupied-White-Expressive.jpg
Sell Quick Tampa,1,,,,,
Sell Quick Tampa,2,,,,,
Sell Quick Tampa,3,https://i.ibb.co/4S6JwvV/Probate-Black-Amiable.jpg,https://i.ibb.co/hcXkPj2/Financial-Black-Amiable.jpg,https://i.ibb.co/B6RxMrD/Absentee-Black-Amiable.jpg,https://i.ibb.co/VBcCzHg/Senior-Black-Amiable.jpg,https://i.ibb.co/5xcGpTw/Owner-Occupied-Black-Amiable.jpg
Sell Quick Tampa,4,https://i.ibb.co/J5D8RNh/Probate-Black-Expressive.jpg,https://i.ibb.co/XWc849M/Financial-Black-Expressive.jpg,https://i.ibb.co/wSbN8by/Absentee-Black-Expressive.jpg,https://i.ibb.co/wQD317w/Senior-Black-Expressive.jpg,https://i.ibb.co/mcscykM/Owner-Occupied-Black-Expressive.jpg
Tampa Standard,1,,,,,
Tampa Standard,2,,,,,
Tampa Standard,3,https://i.ibb.co/dQfpqTc/Probate-White-Amiable.jpg,https://i.ibb.co/8zRgRs0/Financial-White-Amiable.jpg,https://i.ibb.co/C02DcSJ/Absentee-White-Amiable.jpg,https://i.ibb.co/v18S9VB/Senior-White-Amiable.jpg,https://i.ibb.co/pQYFHqP/Owner-Occupied-White-Amiable.jpg
Tampa Standard,4,https://i.ibb.co/JvYjYxT/Probate-White-Expressive.jpg,https://i.ibb.co/r6JRH16/Financial-White-Expressive.jpg,https://i.ibb.co/mXDk72v/Absentee-White-Expressive.jpg,https://i.ibb.co/DPd1d1h/Senior-White-Expressive.jpg,https://i.ibb.co/sskxs5B/Owner-Occupied-White-Expressive.jpg
Abode Homebuyers,1,,,,,
Abode Homebuyers,2,,,,,
Abode Homebuyers,3,https://i.ibb.co/dQfpqTc/Probate-White-Amiable.jpg,https://i.ibb.co/8zRgRs0/Financial-White-Amiable.jpg,https://i.ibb.co/C02DcSJ/Absentee-White-Amiable.jpg,https://i.ibb.co/v18S9VB/Senior-White-Amiable.jpg,https://i.ibb.co/pQYFHqP/Owner-Occupied-White-Amiable.jpg
Abode Homebuyers,4,https://i.ibb.co/JvYjYxT/Probate-White-Expressive.jpg,https://i.ibb.co/r6JRH16/Financial-White-Expressive.jpg,https://i.ibb.co/mXDk72v/Absentee-White-Expressive.jpg,https://i.ibb.co/DPd1d1h/Senior-White-Expressive.jpg,https://i.ibb.co/sskxs5B/Owner-Occupied-White-Expressive.jpg
