Company Name,Type,Logo_url_T1,Logo_url_T2,Logo_url_T3,Logo_url_T4
Atlas Property investors,Company,https://i.ibb.co/Bf6WM0y/Atlas-Logo.png,https://i.ibb.co/Bf6WM0y/Atlas-Logo.png,https://i.ibb.co/gPv0Y1G/Atlas-Logo-with-White-Borderline.png,https://i.ibb.co/gPv0Y1G/Atlas-Logo-with-White-Borderline.png
Atlas Property investors,cred_logo_1,https://i.ibb.co/WvXsx0q/BBB.png,https://i.ibb.co/WvXsx0q/BBB.png,https://i.ibb.co/WvXsx0q/BBB.png,https://i.ibb.co/WvXsx0q/BBB.png
Atlas Property investors,cred_logo_2,https://i.ibb.co/4mhf4wp/As-Seen-On-TV-with-White-Borderline.png,https://i.ibb.co/4mhf4wp/As-Seen-On-TV-with-White-Borderline.png,https://i.ibb.co/4mhf4wp/As-Seen-On-TV-with-White-Borderline.png,https://i.ibb.co/4mhf4wp/As-Seen-On-TV-with-White-Borderline.png
Atlas Property investors,cred_logo_3,https://i.ibb.co/wcvQ52K/Google-with-White-Borderline.png,https://i.ibb.co/wcvQ52K/Google-with-White-Borderline.png,https://i.ibb.co/wcvQ52K/Google-with-White-Borderline.png,https://i.ibb.co/wcvQ52K/Google-with-White-Borderline.png
Atlas Property investors,cred_logo_4,https://i.ibb.co/Zf2F4sd/Years-in-Business-Atlas-White.png,https://i.ibb.co/gD1bzfQ/Years-in-Business-Atlas-Dark.png,https://i.ibb.co/Zf2F4sd/Years-in-Business-Atlas-White.png,https://i.ibb.co/gD1bzfQ/Years-in-Business-Atlas-Dark.png
BBPOCO,Company,https://i.ibb.co/vHQzjhV/BBPOCO-Logo.png,https://i.ibb.co/vHQzjhV/BBPOCO-Logo.png,https://i.ibb.co/94sM2FK/BBPOCO-Logo-with-White-Borderline.png,https://i.ibb.co/94sM2FK/BBPOCO-Logo-with-White-Borderline.png
BBPOCO,cred_logo_1,https://i.ibb.co/WvXsx0q/BBB.png,https://i.ibb.co/WvXsx0q/BBB.png,https://i.ibb.co/WvXsx0q/BBB.png,https://i.ibb.co/WvXsx0q/BBB.png
BBPOCO,cred_logo_2,https://i.ibb.co/4mhf4wp/As-Seen-On-TV-with-White-Borderline.png,https://i.ibb.co/4mhf4wp/As-Seen-On-TV-with-White-Borderline.png,https://i.ibb.co/4mhf4wp/As-Seen-On-TV-with-White-Borderline.png,https://i.ibb.co/4mhf4wp/As-Seen-On-TV-with-White-Borderline.png
BBPOCO,cred_logo_3,https://i.ibb.co/z4YD3X2/Google-White-Border.png,https://i.ibb.co/z4YD3X2/Google-White-Border.png,https://i.ibb.co/z4YD3X2/Google-White-Border.png,https://i.ibb.co/z4YD3X2/Google-White-Border.png
BBPOCO,cred_logo_4,https://i.ibb.co/cw9kykk/Years-in-Business-BBPOCO-White.png,https://i.ibb.co/pWKwZNB/Years-in-Business-BBPOCO-Dark.png,https://i.ibb.co/cw9kykk/Years-in-Business-BBPOCO-White.png,https://i.ibb.co/pWKwZNB/Years-in-Business-BBPOCO-Dark.png
BBPOFL,Company,https://i.postimg.cc/NFDt0MJZ/BBPOFL-New-Logo-Size.png,https://i.postimg.cc/NFDt0MJZ/BBPOFL-New-Logo-Size.png,https://i.postimg.cc/Hs2T87rH/BBPOFL-New-Logo-Size-White-BG.png,https://i.postimg.cc/NFDt0MJZ/BBPOFL-New-Logo-Size.png
BBPOFL,cred_logo_1,https://i.postimg.cc/NfgHdBF5/BBB.png,https://i.postimg.cc/NfgHdBF5/BBB.png,https://i.postimg.cc/NfgHdBF5/BBB.png,https://i.postimg.cc/NfgHdBF5/BBB.png
BBPOFL,cred_logo_2,https://i.postimg.cc/wv8VvZVL/As-Seen-On-TV.png,https://i.postimg.cc/wv8VvZVL/As-Seen-On-TV.png,https://i.postimg.cc/wv8VvZVL/As-Seen-On-TV.png,https://i.postimg.cc/wv8VvZVL/As-Seen-On-TV.png
BBPOFL,cred_logo_3,https://i.postimg.cc/FKnrwT8L/Google.png,https://i.postimg.cc/FKnrwT8L/Google.png,https://i.postimg.cc/FKnrwT8L/Google.png,https://i.postimg.cc/FKnrwT8L/Google.png
BBPOFL,cred_logo_4,https://i.postimg.cc/7L9tmcCg/Years-in-Business-BBPOFL-White.png,https://i.postimg.cc/8zmVgZJC/Years-in-Business-BBPOFL-Dark.png,https://i.postimg.cc/7L9tmcCg/Years-in-Business-BBPOFL-White.png,https://i.postimg.cc/8zmVgZJC/Years-in-Business-BBPOFL-Dark.png
Cava Companies,Company,https://i.ibb.co/vZJySYb/Cava-Logo.png,https://i.ibb.co/vZJySYb/Cava-Logo.png,https://i.ibb.co/Sytfjbb/Cava-Logo-with-White-Borderline.png,https://i.ibb.co/Sytfjbb/Cava-Logo-with-White-Borderline.png
Cava Companies,cred_logo_1,https://i.ibb.co/JFQt4nq/BBB-Cava.png,https://i.ibb.co/JFQt4nq/BBB-Cava.png,https://i.ibb.co/JFQt4nq/BBB-Cava.png,https://i.ibb.co/JFQt4nq/BBB-Cava.png
Cava Companies,cred_logo_2,https://i.ibb.co/4mhf4wp/As-Seen-On-TV-with-White-Borderline.png,https://i.ibb.co/4mhf4wp/As-Seen-On-TV-with-White-Borderline.png,https://i.ibb.co/4mhf4wp/As-Seen-On-TV-with-White-Borderline.png,https://i.ibb.co/4mhf4wp/As-Seen-On-TV-with-White-Borderline.png
Cava Companies,cred_logo_3,https://i.ibb.co/wcvQ52K/Google-with-White-Borderline.png,https://i.ibb.co/wcvQ52K/Google-with-White-Borderline.png,https://i.ibb.co/wcvQ52K/Google-with-White-Borderline.png,https://i.ibb.co/wcvQ52K/Google-with-White-Borderline.png
Cava Companies,cred_logo_4,https://i.ibb.co/k1rfMgM/Years-in-Business-Cava-White.png,https://i.ibb.co/mTFBszm/Years-in-Business-Cava-Dark.png,https://i.ibb.co/k1rfMgM/Years-in-Business-Cava-White.png,https://i.ibb.co/mTFBszm/Years-in-Business-Cava-Dark.png
MaxReturns,Company,https://i.ibb.co/wBYhSPj/Easy-Sell-Logo.png,https://i.ibb.co/wBYhSPj/Easy-Sell-Logo.png,https://i.ibb.co/m0GBXX4/Easy-Sell-Logo-with-White-Borderline.png,https://i.ibb.co/m0GBXX4/Easy-Sell-Logo-with-White-Borderline.png
MaxReturns,cred_logo_1,https://i.ibb.co/4mhf4wp/As-Seen-On-TV-with-White-Borderline.png,https://i.ibb.co/4mhf4wp/As-Seen-On-TV-with-White-Borderline.png,https://i.ibb.co/4mhf4wp/As-Seen-On-TV-with-White-Borderline.png,https://i.ibb.co/4mhf4wp/As-Seen-On-TV-with-White-Borderline.png
MaxReturns,cred_logo_2,https://i.ibb.co/wcvQ52K/Google-with-White-Borderline.png,https://i.ibb.co/wcvQ52K/Google-with-White-Borderline.png,https://i.ibb.co/wcvQ52K/Google-with-White-Borderline.png,https://i.ibb.co/wcvQ52K/Google-with-White-Borderline.png
MaxReturns,cred_logo_3,https://i.ibb.co/17gK37R/Years-in-Business-Easy-Sell-White.png,https://i.ibb.co/NYb1Cnj/Years-in-Business-Easy-Sell-Dark.png,https://i.ibb.co/17gK37R/Years-in-Business-Easy-Sell-White.png,https://i.ibb.co/NYb1Cnj/Years-in-Business-Easy-Sell-Dark.png
MaxReturns,cred_logo_4,,,,
Obi Buys,Company,https://i.ibb.co/ZMDRsg4/Obi-Buys-Logo.png,https://i.ibb.co/ZMDRsg4/Obi-Buys-Logo.png,https://i.ibb.co/5KbkHN9/Obi-Buys-Logo-with-White-Borderline.png,https://i.ibb.co/5KbkHN9/Obi-Buys-Logo-with-White-Borderline.png
Obi Buys,cred_logo_1,https://i.ibb.co/WvXsx0q/BBB.png,https://i.ibb.co/WvXsx0q/BBB.png,https://i.ibb.co/WvXsx0q/BBB.png,https://i.ibb.co/WvXsx0q/BBB.png
Obi Buys,cred_logo_2,https://i.ibb.co/4mhf4wp/As-Seen-On-TV-with-White-Borderline.png,https://i.ibb.co/4mhf4wp/As-Seen-On-TV-with-White-Borderline.png,https://i.ibb.co/4mhf4wp/As-Seen-On-TV-with-White-Borderline.png,https://i.ibb.co/4mhf4wp/As-Seen-On-TV-with-White-Borderline.png
Obi Buys,cred_logo_3,https://i.ibb.co/z4YD3X2/Google-White-Border.png,https://i.ibb.co/z4YD3X2/Google-White-Border.png,https://i.ibb.co/z4YD3X2/Google-White-Border.png,https://i.ibb.co/z4YD3X2/Google-White-Border.png
Obi Buys,cred_logo_4,https://i.ibb.co/LhvM49F/Years-in-Business-Obi-Buys-White.png,https://i.ibb.co/0qx4N37/Years-in-Business-Obi-Buys-Dark.png,https://i.ibb.co/LhvM49F/Years-in-Business-Obi-Buys-White.png,https://i.ibb.co/0qx4N37/Years-in-Business-Obi-Buys-Dark.png
LVN Real Estate,Company,https://i.ibb.co/bJz7x6P/LVN-Logo.png,https://i.ibb.co/bJz7x6P/LVN-Logo.png,https://i.ibb.co/t3b1RcK/LVN-Logo-with-White-Borderline.png,https://i.ibb.co/t3b1RcK/LVN-Logo-with-White-Borderline.png
LVN Real Estate,cred_logo_1,https://i.ibb.co/WvXsx0q/BBB.png,https://i.ibb.co/WvXsx0q/BBB.png,https://i.ibb.co/WvXsx0q/BBB.png,https://i.ibb.co/WvXsx0q/BBB.png
LVN Real Estate,cred_logo_2,https://i.ibb.co/LzWN3d0/US-Veteran-with-White-Borderline.png,https://i.ibb.co/LzWN3d0/US-Veteran-with-White-Borderline.png,https://i.ibb.co/LzWN3d0/US-Veteran-with-White-Borderline.png,https://i.ibb.co/LzWN3d0/US-Veteran-with-White-Borderline.png
LVN Real Estate,cred_logo_3,https://i.ibb.co/z4YD3X2/Google-White-Border.png,https://i.ibb.co/z4YD3X2/Google-White-Border.png,https://i.ibb.co/z4YD3X2/Google-White-Border.png,https://i.ibb.co/z4YD3X2/Google-White-Border.png
LVN Real Estate,cred_logo_4,https://i.ibb.co/R6Q9gY0/Years-in-Business-LVN-White.png,https://i.ibb.co/R6Brp0S/Years-in-Business-LVN-Dark.png,https://i.ibb.co/R6Q9gY0/Years-in-Business-LVN-White.png,https://i.ibb.co/R6Brp0S/Years-in-Business-LVN-Dark.png
Sell Now Wisconsin,Company,https://i.ibb.co/bFrb7gH/Sell-Now-Wisonsin-Logo.png,https://i.ibb.co/bFrb7gH/Sell-Now-Wisonsin-Logo.png,https://i.ibb.co/xJXDLpJ/Sell-Now-Wisonsin-Logo-with-White-Borderline.png,https://i.ibb.co/xJXDLpJ/Sell-Now-Wisonsin-Logo-with-White-Borderline.png
Sell Now Wisconsin,cred_logo_1,https://i.ibb.co/wcvQ52K/Google-with-White-Borderline.png,https://i.ibb.co/wcvQ52K/Google-with-White-Borderline.png,https://i.ibb.co/wcvQ52K/Google-with-White-Borderline.png,https://i.ibb.co/wcvQ52K/Google-with-White-Borderline.png
Sell Now Wisconsin,cred_logo_2,https://i.ibb.co/Gt4TVGd/Years-in-Business-Sell-Now-Wisconsin-White.png,https://i.ibb.co/pXjwk01/Years-in-Business-Sell-Now-Wisconsin-Dark.png,https://i.ibb.co/Gt4TVGd/Years-in-Business-Sell-Now-Wisconsin-White.png,https://i.ibb.co/pXjwk01/Years-in-Business-Sell-Now-Wisconsin-Dark.png
Sell Now Wisconsin,cred_logo_3,,,,
Sell Now Wisconsin,cred_logo_4,,,,
TN HomeBuyers,Company,https://i.ibb.co/FYHLX1J/TN-Homebuyers-Logo.png,https://i.ibb.co/FYHLX1J/TN-Homebuyers-Logo.png,https://i.ibb.co/FXxwRrd/TN-Homebuyers-Logo-with-White-Borderline.png,https://i.ibb.co/FXxwRrd/TN-Homebuyers-Logo-with-White-Borderline.png
TN HomeBuyers,cred_logo_1,https://i.ibb.co/WvXsx0q/BBB.png,https://i.ibb.co/WvXsx0q/BBB.png,https://i.ibb.co/WvXsx0q/BBB.png,https://i.ibb.co/WvXsx0q/BBB.png
TN HomeBuyers,cred_logo_2,https://i.ibb.co/4mhf4wp/As-Seen-On-TV-with-White-Borderline.png,https://i.ibb.co/4mhf4wp/As-Seen-On-TV-with-White-Borderline.png,https://i.ibb.co/4mhf4wp/As-Seen-On-TV-with-White-Borderline.png,https://i.ibb.co/4mhf4wp/As-Seen-On-TV-with-White-Borderline.png
TN HomeBuyers,cred_logo_3,https://i.ibb.co/wcvQ52K/Google-with-White-Borderline.png,https://i.ibb.co/wcvQ52K/Google-with-White-Borderline.png,https://i.ibb.co/wcvQ52K/Google-with-White-Borderline.png,https://i.ibb.co/wcvQ52K/Google-with-White-Borderline.png
TN HomeBuyers,cred_logo_4,https://i.ibb.co/n01SV7p/Years-in-Business-TN-Homebuyers-White.png,https://i.ibb.co/KL5PZPd/Years-in-Business-TN-Homebuyers-Dark.png,https://i.ibb.co/n01SV7p/Years-in-Business-TN-Homebuyers-White.png,https://i.ibb.co/KL5PZPd/Years-in-Business-TN-Homebuyers-Dark.png
Phil Buys Houses Fast,Company,https://i.ibb.co/vqzcqPC/Phil-Buys-Houses-Fast-Logo.png,https://i.ibb.co/vqzcqPC/Phil-Buys-Houses-Fast-Logo.png,https://i.ibb.co/vqzcqPC/Phil-Buys-Houses-Fast-Logo.png,https://i.ibb.co/vqzcqPC/Phil-Buys-Houses-Fast-Logo.png
Phil Buys Houses Fast,cred_logo_1,https://i.ibb.co/WvXsx0q/BBB.png,https://i.ibb.co/WvXsx0q/BBB.png,https://i.ibb.co/WvXsx0q/BBB.png,https://i.ibb.co/WvXsx0q/BBB.png
Phil Buys Houses Fast,cred_logo_2,https://i.ibb.co/4mhf4wp/As-Seen-On-TV-with-White-Borderline.png,https://i.ibb.co/4mhf4wp/As-Seen-On-TV-with-White-Borderline.png,https://i.ibb.co/4mhf4wp/As-Seen-On-TV-with-White-Borderline.png,https://i.ibb.co/4mhf4wp/As-Seen-On-TV-with-White-Borderline.png
Phil Buys Houses Fast,cred_logo_3,https://i.ibb.co/wcvQ52K/Google-with-White-Borderline.png,https://i.ibb.co/wcvQ52K/Google-with-White-Borderline.png,https://i.ibb.co/wcvQ52K/Google-with-White-Borderline.png,https://i.ibb.co/wcvQ52K/Google-with-White-Borderline.png
Phil Buys Houses Fast,cred_logo_4,https://i.ibb.co/FBT5y7H/Years-in-Business-Phil-Buys-Houses-Fast-White.png,https://i.ibb.co/VmzV1r3/Years-in-Business-Phil-Buys-Houses-Fast-Dark.png,https://i.ibb.co/FBT5y7H/Years-in-Business-Phil-Buys-Houses-Fast-White.png,https://i.ibb.co/VmzV1r3/Years-in-Business-Phil-Buys-Houses-Fast-Dark.png
Sell Quick Tampa,Company,https://i.ibb.co/6mWys8P/Sell-Quick-Tampa-Logo.png,https://i.ibb.co/6mWys8P/Sell-Quick-Tampa-Logo.png,https://i.ibb.co/S3D9JJD/Sell-Quick-Tampa-Logo-White-Bordeline.png,https://i.ibb.co/S3D9JJD/Sell-Quick-Tampa-Logo-White-Bordeline.png
Sell Quick Tampa,cred_logo_1,https://i.ibb.co/s26VLtv/Local-Business.png,https://i.ibb.co/s26VLtv/Local-Business.png,https://i.ibb.co/s26VLtv/Local-Business.png,https://i.ibb.co/s26VLtv/Local-Business.png
Sell Quick Tampa,cred_logo_2,https://i.ibb.co/z4YD3X2/Google-White-Border.png,https://i.ibb.co/z4YD3X2/Google-White-Border.png,https://i.ibb.co/z4YD3X2/Google-White-Border.png,https://i.ibb.co/z4YD3X2/Google-White-Border.png
Sell Quick Tampa,cred_logo_3,https://i.ibb.co/3sq4TkC/Years-in-Business-Sell-Quick-Tampa-White.png,https://i.ibb.co/RNvTk93/Years-in-Business-Sell-Quick-Tampa-Dark.png,https://i.ibb.co/3sq4TkC/Years-in-Business-Sell-Quick-Tampa-White.png,https://i.ibb.co/RNvTk93/Years-in-Business-Sell-Quick-Tampa-Dark.png
Sell Quick Tampa,cred_logo_4,,,,
Property Spot,Company,https://i.ibb.co/9tQR6BJ/Property-Spot-Logo.png,https://i.ibb.co/9tQR6BJ/Property-Spot-Logo.png,https://i.ibb.co/2Pq8CcJ/Property-Spot-Logo-with-White-Borderline.png,https://i.ibb.co/2Pq8CcJ/Property-Spot-Logo-with-White-Borderline.png
Property Spot,cred_logo_1,https://i.ibb.co/WvXsx0q/BBB.png,https://i.ibb.co/WvXsx0q/BBB.png,https://i.ibb.co/WvXsx0q/BBB.png,https://i.ibb.co/WvXsx0q/BBB.png
Property Spot,cred_logo_2,https://i.ibb.co/z4YD3X2/Google-White-Border.png,https://i.ibb.co/z4YD3X2/Google-White-Border.png,https://i.ibb.co/z4YD3X2/Google-White-Border.png,https://i.ibb.co/z4YD3X2/Google-White-Border.png
Property Spot,cred_logo_3,https://i.ibb.co/Bj14M8Q/Years-in-Business-Property-Spot-White.png,https://i.ibb.co/K9rhg5J/Years-in-Business-Property-Spot-Dark.png,https://i.ibb.co/Bj14M8Q/Years-in-Business-Property-Spot-White.png,https://i.ibb.co/K9rhg5J/Years-in-Business-Property-Spot-Dark.png
Property Spot,cred_logo_4,,,,